{"cameraMode":{"drawMode":0,"name":"Shaded","section":"Shading Mode"},"sceneLighting":false,"audioPlay":false,"sceneViewState":{"m_AlwaysRefresh":false,"showFog":true,"showSkybox":true,"showFlares":true,"showImageEffects":true,"showParticleSystems":true,"showVisualEffectGraphs":true,"m_FxEnabled":true},"in2DMode":false,"pivot":{"x":-0.051079973578453067,"y":-1.9910237789154053,"z":-0.4502449035644531},"rotation":{"x":0.3211759328842163,"y":-0.012783520855009556,"z":0.004338464699685574,"w":0.9469301700592041},"size":5.427642345428467,"orthographic":false}